Workbook

Sheet eta
B1: 1 | C1: 2 | D1: 3 | E1: 4 | F1: 5 | G1: 6 | H1: 7 | I1: 8 | J1: 9 | K1: 10 | L1: 11
A2: 1 | B2: 0.33087648 | C2: 0.014750591 | D2: 0.24771833 | E2: 0.30681685 | F2: 0.060160167 | G2: 0.36914938 | H2: 0.083693408 | I2: 0.20216667 | J2: 0.46233619 | K2: 0.34064023 | L2: 0.0098562242
A3: 2 | B3: 0.168039 | C3: 0.0556308 | D3: 0.12192444 | E3: 0.15101213 | F3: 0.029610222 | G3: 0.19028922 | H3: 0.041193044 | I3: 0.090752428 | J3: 0.3027843 | K3: 0.16765966 | L3: 0.069870101
A4: 3 | B4: 0.10688887 | C4: 0 | D4: 0.1463 | E4: 0.181203 | F4: 0.03553 | G4: 0.16723789 | H4: 0.0494285 | I4: 0.10889597 | J4: 0.15884 | K4: 0.20117876 | L4: 0
A5: 4 | B5: 0.071444493 | C5: 0.0007272 | D5: 0.275 | E5: 0.069317411 | F5: 0.013269991 | G5: 0.12489404 | H5: 0.0184609 | I5: 0.041657072 | J5: 0.1153756 | K5: 0.076958938 | L5: 0.00048590909
A6: 5 | B6: 0.063954511 | C6: 0.00075893236 | D6: 0.041060576 | E6: 0.050856457 | F6: 0.0099718543 | G6: 0.039829498 | H6: 0.013872609 | I6: 0.030562756 | J6: 0.045373218 | K6: 0.056462855 | L6: 0.0005071124
A7: 6 | B7: 0.074488353 | C7: 0.00389052 | D7: 0.042915147 | E7: 0.076107963 | F7: 0.007918884 | G7: 0.058600886 | H7: 0.020773826 | I7: 0.045737931 | J7: 0.03540207 | K7: 0.084498079 | L7: 2.6952715e-05
A8: 7 | B8: 0.053518845 | C8: 0.048575 | D8: 0.050111111 | E8: 0.19137532 | F8: 0.02949524 | G8: 0.33507426 | H8: 0.053363678 | I8: 0.11500914 | J8: 0.12524191 | K8: 0.21247247 | L8: 0.0023840887
A9: 8 | B9: 0.12087477 | C9: 0.00192708 | D9: 0.19476579 | E9: 0.12989793 | F9: 0.017998999 | G9: 0.037056763 | H9: 0.036065504 | I9: 0.022140076 | J9: 0.20485741 | K9: 0.14421783 | L9: 0.0012984706
A10: 9 | B10: 0.27607174 | C10: 0.05425363 | D10: 0.056663169 | E10: 0.0525 | F10: 0.0204255 | G10: 0.26043281 | H10: 0.11914306 | I10: 0.24195605 | J10: 0.64413095 | K10: 0.41900929 | L10: 0.032671322
A11: 10 | B11: 0.49633333 | C11: 0 | D11: 0.058430556 | E11: 0.072370417 | F11: 0.014190278 | G11: 0.055687897 | H11: 0.058430556 | I11: 0.04349181 | J11: 0.063438889 | K11: 0.080348506 | L11: 0
A12: 11 | B12: 0.01071875 | C12: 0.056358 | D12: 0.18989444 | E12: 0.23519783 | F12: 0.046117222 | G12: 0.2326846 | H12: 0.18989444 | I12: 0.14134476 | J12: 0.26507111 | K12: 0.26112596 | L12: 0.037657955
A13: 12 | B13: 0.21621 | C13: 0.050809051 | D13: 0.2509193 | E13: 0.31078148 | F13: 0.0153684 | G13: 0.28575435 | H13: 0.084128237 | I13: 0.1867676 | J13: 0.32552744 | K13: 0.34504192 | L13: 0.033950192
... A20: 19 | B20: 0.26593834 | C20: 0.037272636 | D20: 0.0419225 | E20: 0.2477019 | F20: 0.031926 | G20: 0.22479712 | H20: 0.0444147 | I20: 0.14885922 | J20: 0.3559186 | K20: 0.27500847 | L20: 0.02490527

Sheet eta80
B1: 1 | C1: 2 | D1: 3 | E1: 4 | F1: 5 | G1: 6 | H1: 7 | I1: 8 | J1: 9 | K1: 10 | L1: 11
A2: 1 | B2: =0.8*eta!B2 -> 0.26470119 | C2: =0.8*eta!C2 -> 0.011800473 | D2: =0.8*eta!D2 -> 0.19817467 | E2: =0.8*eta!E2 -> 0.24545348 | F2: =0.8*eta!F2 -> 0.048128133 | G2: =0.8*eta!G2 -> 0.29531951 | H2: =0.8*eta!H2 -> 0.066954727 | I2: =0.8*eta!I2 -> 0.16173333 | ... L2: =0.8*eta!L2 -> 0.0078849793
A3: 2 | B3: =0.8*eta!B3 -> 0.1344312 | C3: =0.8*eta!C3 -> 0.04450464 | D3: =0.8*eta!D3 -> 0.097539556 | E3: =0.8*eta!E3 -> 0.12080971 | F3: =0.8*eta!F3 -> 0.023688178 | G3: =0.8*eta!G3 -> 0.15223138 | H3: =0.8*eta!H3 -> 0.032954436 | I3: =0.8*eta!I3 -> 0.072601943 | ... L3: =0.8*eta!L3 -> 0.055896081
A4: 3 | B4: =0.8*eta!B4 -> 0.085511096 | C4: =0.8*eta!C4 -> 0 | D4: =0.8*eta!D4 -> 0.11704 | E4: =0.8*eta!E4 -> 0.1449624 | F4: =0.8*eta!F4 -> 0.028424 | G4: =0.8*eta!G4 -> 0.13379031 | H4: =0.8*eta!H4 -> 0.0395428 | I4: =0.8*eta!I4 -> 0.087116773 | ... L4: =0.8*eta!L4 -> 0
A5: 4 | B5: =0.8*eta!B5 -> 0.057155594 | C5: =0.8*eta!C5 -> 0.00058176 | D5: =0.8*eta!D5 -> 0.22 | E5: =0.8*eta!E5 -> 0.055453928 | F5: =0.8*eta!F5 -> 0.010615993 | G5: =0.8*eta!G5 -> 0.099915228 | H5: =0.8*eta!H5 -> 0.01476872 | I5: =0.8*eta!I5 -> 0.033325658 | ... L5: =0.8*eta!L5 -> 0.00038872727
A6: 5 | B6: =0.8*eta!B6 -> 0.051163609 | C6: =0.8*eta!C6 -> 0.00060714589 | D6: =0.8*eta!D6 -> 0.032848461 | E6: =0.8*eta!E6 -> 0.040685165 | F6: =0.8*eta!F6 -> 0.0079774834 | G6: =0.8*eta!G6 -> 0.031863598 | H6: =0.8*eta!H6 -> 0.011098087 | I6: =0.8*eta!I6 -> 0.024450205 | ... L6: =0.8*eta!L6 -> 0.00040568992
A7: 6 | B7: =0.8*eta!B7 -> 0.059590683 | C7: =0.8*eta!C7 -> 0.003112416 | D7: =0.8*eta!D7 -> 0.034332117 | E7: =0.8*eta!E7 -> 0.060886371 | F7: =0.8*eta!F7 -> 0.0063351072 | G7: =0.8*eta!G7 -> 0.046880709 | H7: =0.8*eta!H7 -> 0.016619061 | I7: =0.8*eta!I7 -> 0.036590344 | ... L7: =0.8*eta!L7 -> 2.1562172e-05
A8: 7 | B8: =0.8*eta!B8 -> 0.042815076 | C8: =0.8*eta!C8 -> 0.03886 | D8: =0.8*eta!D8 -> 0.040088889 | E8: =0.8*eta!E8 -> 0.15310026 | F8: =0.8*eta!F8 -> 0.023596192 | G8: =0.8*eta!G8 -> 0.26805941 | H8: =0.8*eta!H8 -> 0.042690943 | I8: =0.8*eta!I8 -> 0.092007309 | ... L8: =0.8*eta!L8 -> 0.001907271
A9: 8 | B9: =0.8*eta!B9 -> 0.096699815 | C9: =0.8*eta!C9 -> 0.001541664 | D9: =0.8*eta!D9 -> 0.15581263 | E9: =0.8*eta!E9 -> 0.10391834 | F9: =0.8*eta!F9 -> 0.014399199 | G9: =0.8*eta!G9 -> 0.02964541 | H9: =0.8*eta!H9 -> 0.028852403 | I9: =0.8*eta!I9 -> 0.017712061 | ... L9: =0.8*eta!L9 -> 0.0010387765
A10: 9 | B10: =0.8*eta!B10 -> 0.22085739 | C10: =0.8*eta!C10 -> 0.043402904 | D10: =0.8*eta!D10 -> 0.045330535 | E10: =0.8*eta!E10 -> 0.042 | F10: =0.8*eta!F10 -> 0.0163404 | G10: =0.8*eta!G10 -> 0.20834625 | H10: =0.8*eta!H10 -> 0.095314444 | I10: =0.8*eta!I10 -> 0.19356484 | ... L10: =0.8*eta!L10 -> 0.026137058
A11: 10 | B11: =0.8*eta!B11 -> 0.39706667 | C11: =0.8*eta!C11 -> 0 | D11: =0.8*eta!D11 -> 0.046744444 | E11: =0.8*eta!E11 -> 0.057896333 | F11: =0.8*eta!F11 -> 0.011352222 | G11: =0.8*eta!G11 -> 0.044550317 | H11: =0.8*eta!H11 -> 0.046744444 | I11: =0.8*eta!I11 -> 0.034793448 | ... L11: =0.8*eta!L11 -> 0
A12: 11 | B12: =0.8*eta!B12 -> 0.008575 | C12: =0.8*eta!C12 -> 0.0450864 | D12: =0.8*eta!D12 -> 0.15191556 | E12: =0.8*eta!E12 -> 0.18815827 | F12: =0.8*eta!F12 -> 0.036893778 | G12: =0.8*eta!G12 -> 0.18614768 | H12: =0.8*eta!H12 -> 0.15191556 | I12: =0.8*eta!I12 -> 0.11307581 | ... L12: =0.8*eta!L12 -> 0.030126364
A13: 12 | B13: =0.8*eta!B13 -> 0.172968 | C13: =0.8*eta!C13 -> 0.040647241 | D13: =0.8*eta!D13 -> 0.20073544 | E13: =0.8*eta!E13 -> 0.24862518 | F13: =0.8*eta!F13 -> 0.01229472 | G13: =0.8*eta!G13 -> 0.22860348 | H13: =0.8*eta!H13 -> 0.06730259 | I13: =0.8*eta!I13 -> 0.14941408 | ... L13: =0.8*eta!L13 -> 0.027160154
... A20: 19 | B20: =0.8*eta!B20 -> 0.21275067 | C20: =0.8*eta!C20 -> 0.029818109 | D20: =0.8*eta!D20 -> 0.033538 | E20: =0.8*eta!E20 -> 0.19816152 | F20: =0.8*eta!F20 -> 0.0255408 | G20: =0.8*eta!G20 -> 0.1798377 | H20: =0.8*eta!H20 -> 0.03553176 | I20: =0.8*eta!I20 -> 0.11908738 | ... L20: =0.8*eta!L20 -> 0.019924216

Sheet eta120
B1: 1 | C1: 2 | D1: 3 | E1: 4 | F1: 5 | G1: 6 | H1: 7 | I1: 8 | J1: 9 | K1: 10 | L1: 11
A2: 1 | B2: =1.2*eta!B2 -> 0.39705178 | C2: =1.2*eta!C2 -> 0.017700709 | D2: =1.2*eta!D2 -> 0.297262 | E2: =1.2*eta!E2 -> 0.36818022 | F2: =1.2*eta!F2 -> 0.0721922 | G2: =1.2*eta!G2 -> 0.44297926 | H2: =1.2*eta!H2 -> 0.10043209 | I2: =1.2*eta!I2 -> 0.2426 | ... L2: =1.2*eta!L2 -> 0.011827469
A3: 2 | B3: =1.2*eta!B3 -> 0.2016468 | C3: =1.2*eta!C3 -> 0.06675696 | D3: =1.2*eta!D3 -> 0.14630933 | E3: =1.2*eta!E3 -> 0.18121456 | F3: =1.2*eta!F3 -> 0.035532267 | G3: =1.2*eta!G3 -> 0.22834707 | H3: =1.2*eta!H3 -> 0.049431653 | I3: =1.2*eta!I3 -> 0.10890291 | ... L3: =1.2*eta!L3 -> 0.083844121
A4: 3 | B4: =1.2*eta!B4 -> 0.12826664 | C4: =1.2*eta!C4 -> 0 | D4: =1.2*eta!D4 -> 0.17556 | E4: =1.2*eta!E4 -> 0.2174436 | F4: =1.2*eta!F4 -> 0.042636 | G4: =1.2*eta!G4 -> 0.20068547 | H4: =1.2*eta!H4 -> 0.0593142 | I4: =1.2*eta!I4 -> 0.13067516 | ... L4: =1.2*eta!L4 -> 0
A5: 4 | B5: =1.2*eta!B5 -> 0.085733392 | C5: =1.2*eta!C5 -> 0.00087264 | D5: =1.2*eta!D5 -> 0.33 | E5: =1.2*eta!E5 -> 0.083180893 | F5: =1.2*eta!F5 -> 0.015923989 | G5: =1.2*eta!G5 -> 0.14987284 | H5: =1.2*eta!H5 -> 0.022153079 | I5: =1.2*eta!I5 -> 0.049988486 | ... L5: =1.2*eta!L5 -> 0.00058309091
A6: 5 | B6: =1.2*eta!B6 -> 0.076745414 | C6: =1.2*eta!C6 -> 0.00091071884 | D6: =1.2*eta!D6 -> 0.049272692 | E6: =1.2*eta!E6 -> 0.061027748 | F6: =1.2*eta!F6 -> 0.011966225 | G6: =1.2*eta!G6 -> 0.047795397 | H6: =1.2*eta!H6 -> 0.016647131 | I6: =1.2*eta!I6 -> 0.036675307 | ... L6: =1.2*eta!L6 -> 0.00060853488
A7: 6 | B7: =1.2*eta!B7 -> 0.089386024 | C7: =1.2*eta!C7 -> 0.004668624 | D7: =1.2*eta!D7 -> 0.051498176 | E7: =1.2*eta!E7 -> 0.091329556 | F7: =1.2*eta!F7 -> 0.0095026608 | G7: =1.2*eta!G7 -> 0.070321063 | H7: =1.2*eta!H7 -> 0.024928591 | I7: =1.2*eta!I7 -> 0.054885517 | ... L7: =1.2*eta!L7 -> 3.2343258e-05
A8: 7 | B8: =1.2*eta!B8 -> 0.064222614 | C8: =1.2*eta!C8 -> 0.05829 | D8: =1.2*eta!D8 -> 0.060133333 | E8: =1.2*eta!E8 -> 0.22965039 | F8: =1.2*eta!F8 -> 0.035394288 | G8: =1.2*eta!G8 -> 0.40208911 | H8: =1.2*eta!H8 -> 0.064036414 | I8: =1.2*eta!I8 -> 0.13801096 | ... L8: =1.2*eta!L8 -> 0.0028609065
A9: 8 | B9: =1.2*eta!B9 -> 0.14504972 | C9: =1.2*eta!C9 -> 0.002312496 | D9: =1.2*eta!D9 -> 0.23371895 | E9: =1.2*eta!E9 -> 0.15587751 | F9: =1.2*eta!F9 -> 0.021598799 | G9: =1.2*eta!G9 -> 0.044468115 | H9: =1.2*eta!H9 -> 0.043278605 | I9: =1.2*eta!I9 -> 0.026568091 | ... L9: =1.2*eta!L9 -> 0.0015581647
A10: 9 | B10: =1.2*eta!B10 -> 0.33128609 | C10: =1.2*eta!C10 -> 0.065104356 | D10: =1.2*eta!D10 -> 0.067995803 | E10: =1.2*eta!E10 -> 0.063 | F10: =1.2*eta!F10 -> 0.0245106 | G10: =1.2*eta!G10 -> 0.31251937 | H10: =1.2*eta!H10 -> 0.14297167 | I10: =1.2*eta!I10 -> 0.29034726 | ... L10: =1.2*eta!L10 -> 0.039205587
A11: 10 | B11: =1.2*eta!B11 -> 0.5956 | C11: =1.2*eta!C11 -> 0 | D11: =1.2*eta!D11 -> 0.070116667 | E11: =1.2*eta!E11 -> 0.0868445 | F11: =1.2*eta!F11 -> 0.017028333 | G11: =1.2*eta!G11 -> 0.066825476 | H11: =1.2*eta!H11 -> 0.070116667 | I11: =1.2*eta!I11 -> 0.052190172 | ... L11: =1.2*eta!L11 -> 0
A12: 11 | B12: =1.2*eta!B12 -> 0.0128625 | C12: =1.2*eta!C12 -> 0.0676296 | D12: =1.2*eta!D12 -> 0.22787333 | E12: =1.2*eta!E12 -> 0.2822374 | F12: =1.2*eta!F12 -> 0.055340667 | G12: =1.2*eta!G12 -> 0.27922152 | H12: =1.2*eta!H12 -> 0.22787333 | I12: =1.2*eta!I12 -> 0.16961372 | ... L12: =1.2*eta!L12 -> 0.045189545
A13: 12 | B13: =1.2*eta!B13 -> 0.259452 | C13: =1.2*eta!C13 -> 0.060970861 | D13: =1.2*eta!D13 -> 0.30110316 | E13: =1.2*eta!E13 -> 0.37293777 | F13: =1.2*eta!F13 -> 0.01844208 | G13: =1.2*eta!G13 -> 0.34290522 | H13: =1.2*eta!H13 -> 0.10095388 | I13: =1.2*eta!I13 -> 0.22412112 | ... L13: =1.2*eta!L13 -> 0.040740231
... A20: 19 | B20: =1.2*eta!B20 -> 0.31912601 | C20: =1.2*eta!C20 -> 0.044727163 | D20: =1.2*eta!D20 -> 0.050307 | E20: =1.2*eta!E20 -> 0.29724228 | F20: =1.2*eta!F20 -> 0.0383112 | G20: =1.2*eta!G20 -> 0.26975655 | H20: =1.2*eta!H20 -> 0.05329764 | I20: =1.2*eta!I20 -> 0.17863107 | ... L20: =1.2*eta!L20 -> 0.029886325

Sheet FL
B1: Column1
A2: 1 | B2: 17902.235
A3: 2 | B3: 16760.349
A4: 3 | B4: 2539.4468
A5: 4 | B5: 12788.682
A6: 5 | B6: 906.96273
A7: 6 | B7: 8827.1956
A8: 7 | B8: 56250
A9: 8 | B9: 4275
A10: 9 | B10: 8523.7728
A11: 10 | B11: 736.98382
A12: 11 | B12: 322.29613
A13: 12 | B13: 6314.0601
... A20: 19 | B20: 644.59486

Sheet FL80
B1: Column1
A2: 1 | B2: =0.8*FL!B2 -> 14321.788
A3: 2 | B3: =0.8*FL!B3 -> 13408.279
A4: 3 | B4: =0.8*FL!B4 -> 2031.5574
A5: 4 | B5: =0.8*FL!B5 -> 10230.946
A6: 5 | B6: =0.8*FL!B6 -> 725.57019
A7: 6 | B7: =0.8*FL!B7 -> 7061.7565
A8: 7 | B8: =0.8*FL!B8 -> 45000
A9: 8 | B9: =0.8*FL!B9 -> 3420
A10: 9 | B10: =0.8*FL!B10 -> 6819.0182
A11: 10 | B11: =0.8*FL!B11 -> 589.58705
A12: 11 | B12: =0.8*FL!B12 -> 257.8369
A13: 12 | B13: =0.8*FL!B13 -> 5051.2481
... A20: 19 | B20: =0.8*FL!B20 -> 515.67589

Sheet FL120
B1: Column1
A2: 1 | B2: =1.2*FL!B2 -> 21482.682
A3: 2 | B3: =1.2*FL!B3 -> 20112.418
A4: 3 | B4: =1.2*FL!B4 -> 3047.3361
A5: 4 | B5: =1.2*FL!B5 -> 15346.418
A6: 5 | B6: =1.2*FL!B6 -> 1088.3553
A7: 6 | B7: =1.2*FL!B7 -> 10592.635
A8: 7 | B8: =1.2*FL!B8 -> 67500
A9: 8 | B9: =1.2*FL!B9 -> 5130
A10: 9 | B10: =1.2*FL!B10 -> 10228.527
A11: 10 | B11: =1.2*FL!B11 -> 884.38058
A12: 11 | B12: =1.2*FL!B12 -> 386.75536
A13: 12 | B13: =1.2*FL!B13 -> 7576.8721
... A20: 19 | B20: =1.2*FL!B20 -> 773.51383

Sheet CH
B1: Column1
A2: 1 | B2: 3972.2957
A3: 2 | B3: 51.4
A4: 3 | B4: 58.064516
A5: 4 | B5: 230.87763
A6: 5 | B6: 32.716763
A7: 6 | B7: 74.62
A8: 7 | B8: 0.32786885
A9: 8 | B9: 0.88185654
A10: 9 | B10: 808.563
A11: 10 | B11: 420
A12: 11 | B12: 23.25

Sheet profit
B1: Column1
A2: 1 | B2: 722908.75
A3: 2 | B3: 15229300
A4: 3 | B4: 6.45747e+09
A5: 4 | B5: 538480000
A6: 5 | B6: 697500
A7: 6 | B7: 1412000
A8: 7 | B8: 5958170000
A9: 8 | B9: 26002400
A10: 9 | B10: 190000
A11: 10 | B11: 370000
A12: 11 | B12: 4750000

Sheet GWP
B1: Column1
A2: 1 | B2: 1422903.5
A3: 2 | B3: 0
A4: 3 | B4: 8033410
A5: 4 | B5: 0
A6: 5 | B6: 7415000
A7: 6 | B7: 6918300
A8: 7 | B8: 1480560
A9: 8 | B9: 0
A10: 9 | B10: 3793000
A11: 10 | B11: 1834000
A12: 11 | B12: 1790000
