Workbook

Sheet eta
B1: 1 | C1: 2 | D1: 3 | E1: 4 | F1: 5 | G1: 6 | H1: 7 | I1: 8 | J1: 9 | K1: 10 | L1: 11
A2: 1 | B2: 0.27607174 | C2: 0.05425363 | D2: 0.056663169 | E2: 0.0525 | F2: 0.0204255 | G2: 0.26043281 | H2: 0.11914306 | I2: 0.24195605 | J2: 0.64413095 | K2: 0.41900929 | L2: 0.032671322
A3: 2 | B3: 0.40391841 | C3: 0 | D3: 0.19816778 | E3: 0.35836 | F3: 0.070266667 | G3: 0.27575238 | H3: 0.097753333 | I3: 0.21536044 | J3: 0.31413333 | K3: 0.39786548 | L3: 0
A4: 3 | B4: 0.20742577 | C4: 0.076744751 | D4: 0.1350754 | E4: 0.1520914 | F4: 0.029821842 | G4: 0.125 | H4: 0.125 | I4: 0.10671759 | J4: 0.24793132 | K4: 0.1688579 | L4: 0.06068728
A5: 4 | B5: 0.070427047 | C5: 0.02450664 | D5: 0.069356708 | E5: 0.085903237 | F5: 0.01410373 | G5: 0.088600317 | H5: 0.019620777 | I5: 0.05162451 | J5: 0.14128486 | K5: 0.09537318 | L5: 0.016387091
A6: 5 | B6: 0.33087648 | C6: 0.014750591 | D6: 0.24771833 | E6: 0.30681685 | F6: 0.060160167 | G6: 0.36914938 | H6: 0.083693408 | I6: 0.20216667 | J6: 0.46233619 | K6: 0.34064023 | L6: 0.0098562242
A7: 6 | B7: 0.168039 | C7: 0.0556308 | D7: 0.12192444 | E7: 0.15101213 | F7: 0.029610222 | G7: 0.19028922 | H7: 0.041193044 | I7: 0.090752428 | J7: 0.3027843 | K7: 0.16765966 | L7: 0.069870101
A8: 7 | B8: 0.10688887 | C8: 0 | D8: 0.1463 | E8: 0.181203 | F8: 0.03553 | G8: 0.16723789 | H8: 0.0494285 | I8: 0.10889597 | J8: 0.15884 | K8: 0.20117876 | L8: 0
A9: 8 | B9: 0.075810083 | C9: 0.0499 | D9: 0.707 | E9: 0.12532485 | F9: 0.0184025 | G9: 0.15986497 | H9: 0.023470641 | I9: 0.070623068 | J9: 0.26402884 | K9: 0.13047187 | L9: 0.020601178
A10: 9 | B10: 0.23524062 | C10: 0.16178928 | D10: 0.12507413 | E10: 0.3070914 | F10: 0.060214 | G10: 0.49376094 | H10: 0.076636805 | I10: 0.23814441 | J10: 0.45932745 | K10: 0.31191918 | L10: 0.067085655
A11: 10 | B11: 0.098884795 | C11: 0 | D11: 0.18117344 | E11: 0.24124275 | F11: 0.0232645 | G11: 0.41271798 | H11: 0.032369382 | I11: 0.27925 | J11: 0.49203403 | K11: 0.05962218 | L11: 0
A12: 11 | B12: 0.071444493 | C12: 0.0007272 | D12: 0.275 | E12: 0.069317411 | F12: 0.013269991 | G12: 0.12489404 | H12: 0.0184609 | I12: 0.041657072 | J12: 0.1153756 | K12: 0.076958938 | L12: 0.00048590909
A13: 12 | B13: 0.063954511 | C13: 0.00075893236 | D13: 0.041060576 | E13: 0.050856457 | F13: 0.0099718543 | G13: 0.039829498 | H13: 0.013872609 | I13: 0.030562756 | J13: 0.045373218 | K13: 0.056462855 | L13: 0.0005071124
... A23: 22 | B23: 0.081923957 | C23: 0.086181464 | D23: 0.25221341 | E23: 0.11053768 | F23: 0.021674056 | G23: 0.16412102 | H23: 0.030152436 | I23: 0.066428855 | J23: 0.39962277 | K23: 0.12272332 | L23: 0.035903556

Sheet eta80
B1: 1 | C1: 2 | D1: 3 | E1: 4 | F1: 5 | G1: 6 | H1: 7 | I1: 8 | J1: 9 | K1: 10 | L1: 11
A2: 1 | B2: 0.22085739 | C2: 0.043402904 | D2: 0.045330535 | E2: 0.042 | F2: 0.0163404 | G2: 0.20834625 | H2: 0.095314444 | I2: 0.19356484 | J2: 0.51530476 | K2: 0.33520743 | L2: 0.026137058
A3: 2 | B3: 0.32313473 | C3: 0 | D3: 0.15853422 | E3: 0.286688 | F3: 0.056213333 | G3: 0.2206019 | H3: 0.078202667 | I3: 0.17228836 | J3: 0.25130667 | K3: 0.31829239 | L3: 0
A4: 3 | B4: 0.16594062 | C4: 0.061395801 | D4: 0.10806032 | E4: 0.12167312 | F4: 0.023857474 | G4: 0.1 | H4: 0.1 | I4: 0.085374076 | J4: 0.19834506 | K4: 0.13508632 | L4: 0.048549824
A5: 4 | B5: 0.056341637 | C5: 0.019605312 | D5: 0.055485367 | E5: 0.06872259 | F5: 0.011282984 | G5: 0.070880253 | H5: 0.015696622 | I5: 0.041299608 | J5: 0.11302789 | K5: 0.076298544 | L5: 0.013109673
A6: 5 | B6: 0.26470119 | C6: 0.011800473 | D6: 0.19817467 | E6: 0.24545348 | F6: 0.048128133 | G6: 0.29531951 | H6: 0.066954727 | I6: 0.16173333 | J6: 0.36986895 | K6: 0.27251219 | L6: 0.0078849793
A7: 6 | B7: 0.1344312 | C7: 0.04450464 | D7: 0.097539556 | E7: 0.12080971 | F7: 0.023688178 | G7: 0.15223138 | H7: 0.032954436 | I7: 0.072601943 | J7: 0.24222744 | K7: 0.13412773 | L7: 0.055896081
A8: 7 | B8: 0.085511096 | C8: 0 | D8: 0.11704 | E8: 0.1449624 | F8: 0.028424 | G8: 0.13379031 | H8: 0.0395428 | I8: 0.087116773 | J8: 0.127072 | K8: 0.160943 | L8: 0
A9: 8 | B9: 0.060648066 | C9: 0.03992 | D9: 0.5656 | E9: 0.10025988 | F9: 0.014722 | G9: 0.12789198 | H9: 0.018776512 | I9: 0.056498454 | J9: 0.21122307 | K9: 0.1043775 | L9: 0.016480943
A10: 9 | B10: 0.1881925 | C10: 0.12943143 | D10: 0.1000593 | E10: 0.24567312 | F10: 0.0481712 | G10: 0.39500875 | H10: 0.061309444 | I10: 0.19051553 | J10: 0.36746196 | K10: 0.24953534 | L10: 0.053668524
A11: 10 | B11: 0.079107836 | C11: 0 | D11: 0.14493875 | E11: 0.1929942 | F11: 0.0186116 | G11: 0.33017439 | H11: 0.025895505 | I11: 0.2234 | J11: 0.39362723 | K11: 0.047697744 | L11: 0
A12: 11 | B12: 0.057155594 | C12: 0.00058176 | D12: 0.22 | E12: 0.055453928 | F12: 0.010615993 | G12: 0.099915228 | H12: 0.01476872 | I12: 0.033325658 | J12: 0.092300479 | K12: 0.06156715 | L12: 0.00038872727
A13: 12 | B13: 0.051163609 | C13: 0.00060714589 | D13: 0.032848461 | E13: 0.040685165 | F13: 0.0079774834 | G13: 0.031863598 | H13: 0.011098087 | I13: 0.024450205 | J13: 0.036298574 | K13: 0.045170284 | L13: 0.00040568992
... A23: 22 | B23: 0.065539166 | C23: 0.068945171 | D23: 0.20177073 | E23: 0.088430147 | F23: 0.017339244 | G23: 0.13129681 | H23: 0.024121949 | I23: 0.053143084 | J23: 0.31969821 | K23: 0.098178655 | L23: 0.028722845

Sheet eta120
B1: 1 | C1: 2 | D1: 3 | E1: 4 | F1: 5 | G1: 6 | H1: 7 | I1: 8 | J1: 9 | K1: 10 | L1: 11
A2: 1 | B2: =1.2*eta!B2 -> 0.33128609 | C2: =1.2*eta!C2 -> 0.065104356 | D2: =1.2*eta!D2 -> 0.067995803 | E2: =1.2*eta!E2 -> 0.063 | F2: =1.2*eta!F2 -> 0.0245106 | G2: =1.2*eta!G2 -> 0.31251937 | H2: =1.2*eta!H2 -> 0.14297167 | I2: =1.2*eta!I2 -> 0.29034726 | ... L2: =1.2*eta!L2 -> 0.039205587
A3: 2 | B3: =1.2*eta!B3 -> 0.48470209 | C3: =1.2*eta!C3 -> 0 | D3: =1.2*eta!D3 -> 0.23780133 | E3: =1.2*eta!E3 -> 0.430032 | F3: =1.2*eta!F3 -> 0.08432 | G3: =1.2*eta!G3 -> 0.33090286 | H3: =1.2*eta!H3 -> 0.117304 | I3: =1.2*eta!I3 -> 0.25843253 | ... L3: =1.2*eta!L3 -> 0
A4: 3 | B4: =1.2*eta!B4 -> 0.24891092 | C4: =1.2*eta!C4 -> 0.092093701 | D4: =1.2*eta!D4 -> 0.16209048 | E4: =1.2*eta!E4 -> 0.18250968 | F4: =1.2*eta!F4 -> 0.035786211 | G4: =1.2*eta!G4 -> 0.15 | H4: =1.2*eta!H4 -> 0.15 | I4: =1.2*eta!I4 -> 0.12806111 | ... L4: =1.2*eta!L4 -> 0.072824735
A5: 4 | B5: =1.2*eta!B5 -> 0.084512456 | C5: =1.2*eta!C5 -> 0.029407968 | D5: =1.2*eta!D5 -> 0.08322805 | E5: =1.2*eta!E5 -> 0.10308388 | F5: =1.2*eta!F5 -> 0.016924476 | G5: =1.2*eta!G5 -> 0.10632038 | H5: =1.2*eta!H5 -> 0.023544933 | I5: =1.2*eta!I5 -> 0.061949412 | ... L5: =1.2*eta!L5 -> 0.019664509
A6: 5 | B6: =1.2*eta!B6 -> 0.39705178 | C6: =1.2*eta!C6 -> 0.017700709 | D6: =1.2*eta!D6 -> 0.297262 | E6: =1.2*eta!E6 -> 0.36818022 | F6: =1.2*eta!F6 -> 0.0721922 | G6: =1.2*eta!G6 -> 0.44297926 | H6: =1.2*eta!H6 -> 0.10043209 | I6: =1.2*eta!I6 -> 0.2426 | ... L6: =1.2*eta!L6 -> 0.011827469
A7: 6 | B7: =1.2*eta!B7 -> 0.2016468 | C7: =1.2*eta!C7 -> 0.06675696 | D7: =1.2*eta!D7 -> 0.14630933 | E7: =1.2*eta!E7 -> 0.18121456 | F7: =1.2*eta!F7 -> 0.035532267 | G7: =1.2*eta!G7 -> 0.22834707 | H7: =1.2*eta!H7 -> 0.049431653 | I7: =1.2*eta!I7 -> 0.10890291 | ... L7: =1.2*eta!L7 -> 0.083844121
A8: 7 | B8: =1.2*eta!B8 -> 0.12826664 | C8: =1.2*eta!C8 -> 0 | D8: =1.2*eta!D8 -> 0.17556 | E8: =1.2*eta!E8 -> 0.2174436 | F8: =1.2*eta!F8 -> 0.042636 | G8: =1.2*eta!G8 -> 0.20068547 | H8: =1.2*eta!H8 -> 0.0593142 | I8: =1.2*eta!I8 -> 0.13067516 | ... L8: =1.2*eta!L8 -> 0
A9: 8 | B9: =1.2*eta!B9 -> 0.090972099 | C9: =1.2*eta!C9 -> 0.05988 | D9: =1.2*eta!D9 -> 0.8484 | E9: =1.2*eta!E9 -> 0.15038982 | F9: =1.2*eta!F9 -> 0.022083 | G9: =1.2*eta!G9 -> 0.19183796 | H9: =1.2*eta!H9 -> 0.028164769 | I9: =1.2*eta!I9 -> 0.084747681 | ... L9: =1.2*eta!L9 -> 0.024721414
A10: 9 | B10: =1.2*eta!B10 -> 0.28228874 | C10: =1.2*eta!C10 -> 0.19414714 | D10: =1.2*eta!D10 -> 0.15008895 | E10: =1.2*eta!E10 -> 0.36850968 | F10: =1.2*eta!F10 -> 0.0722568 | G10: =1.2*eta!G10 -> 0.59251313 | H10: =1.2*eta!H10 -> 0.091964167 | I10: =1.2*eta!I10 -> 0.28577329 | ... L10: =1.2*eta!L10 -> 0.080502786
A11: 10 | B11: =1.2*eta!B11 -> 0.11866175 | C11: =1.2*eta!C11 -> 0 | D11: =1.2*eta!D11 -> 0.21740813 | E11: =1.2*eta!E11 -> 0.2894913 | F11: =1.2*eta!F11 -> 0.0279174 | G11: =1.2*eta!G11 -> 0.49526158 | H11: =1.2*eta!H11 -> 0.038843258 | I11: =1.2*eta!I11 -> 0.3351 | ... L11: =1.2*eta!L11 -> 0
A12: 11 | B12: =1.2*eta!B12 -> 0.085733392 | C12: =1.2*eta!C12 -> 0.00087264 | D12: =1.2*eta!D12 -> 0.33 | E12: =1.2*eta!E12 -> 0.083180893 | F12: =1.2*eta!F12 -> 0.015923989 | G12: =1.2*eta!G12 -> 0.14987284 | H12: =1.2*eta!H12 -> 0.022153079 | I12: =1.2*eta!I12 -> 0.049988486 | ... L12: =1.2*eta!L12 -> 0.00058309091
A13: 12 | B13: =1.2*eta!B13 -> 0.076745414 | C13: =1.2*eta!C13 -> 0.00091071884 | D13: =1.2*eta!D13 -> 0.049272692 | E13: =1.2*eta!E13 -> 0.061027748 | F13: =1.2*eta!F13 -> 0.011966225 | G13: =1.2*eta!G13 -> 0.047795397 | H13: =1.2*eta!H13 -> 0.016647131 | I13: =1.2*eta!I13 -> 0.036675307 | ... L13: =1.2*eta!L13 -> 0.00060853488
... A23: 22 | B23: =1.2*eta!B23 -> 0.098308749 | C23: =1.2*eta!C23 -> 0.10341776 | D23: =1.2*eta!D23 -> 0.30265609 | E23: =1.2*eta!E23 -> 0.13264522 | F23: =1.2*eta!F23 -> 0.026008867 | G23: =1.2*eta!G23 -> 0.19694522 | H23: =1.2*eta!H23 -> 0.036182923 | I23: =1.2*eta!I23 -> 0.079714626 | ... L23: =1.2*eta!L23 -> 0.043084268

Sheet FL
B1: Column1
A2: 1 | B2: 10144.234
A3: 2 | B3: 15996.666
A4: 3 | B4: 38142.442
A5: 4 | B5: 19071.221
A6: 5 | B6: 8336.8555
A7: 6 | B7: 17385.937
A8: 7 | B8: 2634.2329
A9: 8 | B9: 15189.616
A10: 9 | B10: 27000
A11: 10 | B11: 2333.3333
A12: 11 | B12: 17582.681
A13: 12 | B13: 385.5
... A23: 22 | B23: 510.29876

Sheet FL80
B1: Column1
A2: 1 | B2: 8115.3873
A3: 2 | B3: 12797.332
A4: 3 | B4: 30513.954
A5: 4 | B5: 15256.977
A6: 5 | B6: 6669.4844
A7: 6 | B7: 13908.75
A8: 7 | B8: 2107.3863
A9: 8 | B9: 12151.693
A10: 9 | B10: 21600
A11: 10 | B11: 1866.6667
A12: 11 | B12: 14066.145
A13: 12 | B13: 308.4
... A23: 22 | B23: 408.23901

Sheet FL120
B1: Column1
A2: 1 | B2: 12173.081
A3: 2 | B3: 19195.999
A4: 3 | B4: 45770.93
A5: 4 | B5: 22885.465
A6: 5 | B6: 10004.227
A7: 6 | B7: 20863.124
A8: 7 | B8: 3161.0795
A9: 8 | B9: 18227.539
A10: 9 | B10: 32400
A11: 10 | B11: 2800
A12: 11 | B12: 21099.218
A13: 12 | B13: 462.6
... A23: 22 | B23: 612.35852

Sheet CH
B1: Column1
A2: 1 | B2: 2747.7534
A3: 2 | B3: 405.55
A4: 3 | B4: 3.2258065
A5: 4 | B5: 83.901021
A6: 5 | B6: 466.21387
A7: 6 | B7: 139.09
A8: 7 | B8: 0.26801978
A9: 8 | B9: 1.4109705
A10: 9 | B10: 253.953
A11: 10 | B11: 866
A12: 11 | B12: 33.25

Sheet profit
B1: Column1
A2: 1 | B2: 708908.75
A3: 2 | B3: 11327300
A4: 3 | B4: 2.2307e+08
A5: 4 | B5: 2.0848e+08
A6: 5 | B6: 157500
A7: 6 | B7: 1292000
A8: 7 | B8: 4944370000
A9: 8 | B9: 19700000
A10: 9 | B10: 130000
A11: 10 | B11: 700000
A12: 11 | B12: 2830000

Sheet GWP
B1: Column1
A2: 1 | B2: 1422903.5
A3: 2 | B3: 0
A4: 3 | B4: 8033410
A5: 4 | B5: 0
A6: 5 | B6: 7415000
A7: 6 | B7: 6918300
A8: 7 | B8: 1480560
A9: 8 | B9: 0
A10: 9 | B10: 3793000
A11: 10 | B11: 1834000
A12: 11 | B12: 1790000
